Name;Link
Пультовая охрана квартиры в Подольске. Установка охранной сигнализации.;https://scanox.pro/search/rossiya/podolsk?service-type=signaling&connect-type=wired&signaling-place-type=flat&sec_signaling&nav-phys&page=1
Пультовая охрана квартиры в Подольске. Установка охранно-пожарной сигнализации.;https://scanox.pro/search/rossiya/podolsk?service-type=signaling&connect-type=wired&signaling-place-type=flat&sec_signaling&fire_signaling&nav-phys&page=1
Пультовая охрана квартиры в Подольске. Установка кнопки тревожной сигнализации.;https://scanox.pro/search/rossiya/podolsk?service-type=signaling&connect-type=wired&signaling-place-type=flat&sec_signaling&alarm_button&nav-phys&page=1
Установка сигнализации в квартиру в Подольске. Защита от протечки воды.;https://scanox.pro/search/rossiya/podolsk?service-type=signaling&connect-type=wired&signaling-place-type=flat&sec_signaling&water_leak&nav-phys&page=1
Защита от утечки газа в квартиру в Подольске. Установка сигнализатора бытового газа.;https://scanox.pro/search/rossiya/podolsk?service-type=signaling&connect-type=wired&signaling-place-type=flat&sec_signaling&gas_leak&nav-phys&page=1
Пультовая охрана дома, дачи, коттеджа в Подольске. Установка сигнализации.;https://scanox.pro/search/rossiya/podolsk?service-type=signaling&connect-type=wired&signaling-place-type=house&sec_signaling&nav-phys&page=1
Пультовая охрана дома, дачи, коттеджа в Подольске. Установка охранно-пожарной сигнализации.;https://scanox.pro/search/rossiya/podolsk?service-type=signaling&connect-type=wired&signaling-place-type=house&sec_signaling&fire_signaling&nav-phys&page=1
Пультовая охрана дома, дачи, коттеджа в Подольске. Установка тревожной кнопки.;https://scanox.pro/search/rossiya/podolsk?service-type=signaling&connect-type=wired&signaling-place-type=house&sec_signaling&alarm_button&nav-phys&page=1
Защита от утечки газа для дома, коттеджа, дачи в Подольске. Установка сигнализатора газа.;https://scanox.pro/search/rossiya/podolsk?service-type=signaling&connect-type=wired&signaling-place-type=house&sec_signaling&gas_leak&nav-phys&page=1
Установка сигнализации, защита от протечки воды в дом, коттедж в Подольске;https://scanox.pro/search/rossiya/podolsk?service-type=signaling&connect-type=wired&signaling-place-type=house&sec_signaling&water_leak&nav-phys&page=1
Установка сигнализации в гараж в Подольске. Пультовая охрана объекта.;https://scanox.pro/search/rossiya/podolsk?service-type=signaling&connect-type=wired&signaling-place-type=garage&sec_signaling&nav-phys&page=1
Установка камеры видеонаблюдения в квартиру в Подольске;https://scanox.pro/search/rossiya/podolsk?service-type=CCTV&CCTV-place-type=flat&nav-phys&page=1
Установка камеры видеонаблюдения для дома и дачи в Подольске;https://scanox.pro/search/rossiya/podolsk?service-type=CCTV&CCTV-place-type=house&nav-phys&page=1
Установка камеры видеонаблюдения в подъезд в Подольске;https://scanox.pro/search/rossiya/podolsk?service-type=CCTV&CCTV-place-type=entrance&nav-phys&page=1
GPS мониторинг и отслеживание автотранспорта в Подольске;https://scanox.pro/search/rossiya/podolsk?service-type=GPS&nav-phys&page=1
Пультовая охрана магазина, офиса, склада в Подольске. Установка охранной сигнализации.;https://scanox.pro/search/rossiya/podolsk?service-type=signaling&connect-type=wired&sec_signaling&nav-org&page=1
Установка пожарной сигнализации в Подольске. Проектирование, монтаж и обслуживание.;https://scanox.pro/search/rossiya/podolsk?service-type=signaling&connect-type=wired&fire_signaling&nav-org&page=1
Установка кнопки тревожной сигнализации для вызова охраны в Подольске.;https://scanox.pro/search/rossiya/podolsk?service-type=signaling&connect-type=wired&alarm_button&nav-org&page=1
Установка систем видеонаблюдения в Подольске. Комплект видеонаблюдения в офис.;https://scanox.pro/search/rossiya/podolsk?service-type=CCTV&CCTV-place-type=office&nav-org&page=1
Физическая охрана объектов, организаций, мероприятий в Подольске;https://scanox.pro/search/rossiya/podolsk?service-type=guard&guard-armed=unarmed&guard-mode=dayly&nav-org&page=1
Охрана предприятий в Подольске. Физическая охрана объектов.;https://scanox.pro/search/rossiya/podolsk?service-type=guard&guard-armed=unarmed&guard-mode=nightly&nav-org&page=1
Охрана организаций в Подольске. Физическая охрана объектов.;https://scanox.pro/search/rossiya/podolsk?service-type=guard&guard-armed=unarmed&guard-mode=24&nav-org&page=1
Охрана объектов в Подольске. Физическая и пультовая охрана бизнеса.;https://scanox.pro/search/rossiya/podolsk?service-type=guard&guard-armed=armed&guard-mode=dayly&nav-org&page=1
GPS/ГЛОНАСС мониторинг транспорта и отслеживания спецтехники в Подольске;https://scanox.pro/search/rossiya/podolsk?service-type=GPS&nav-org&page=1
Охрана и сопровождение грузов в Подольске. Вооруженная охрана.;https://scanox.pro/search/rossiya/podolsk?service-type=cargo_escort&cargo-escort-armed=armed&nav-org&page=1
Инкассация денежных средств в Подольске. Вооруженная охрана ЧОП.;https://scanox.pro/search/rossiya/podolsk?service-type=collection&nav-org&page=1
Установка систем контроля и управления доступом СКУД в Подольске.;https://scanox.pro/search/rossiya/podolsk?service-type=access_control&nav-org&page=1
Техническое обслуживание охранно-пожарной сигнализации в Подольске.;https://scanox.pro/search/rossiya/podolsk?service-type=maintenance&nav-org&page=1
Проектирование и монтаж охранно-пожарной сигнализации в Подольске.;https://scanox.pro/search/rossiya/podolsk?service-type=design_installation&nav-org&page=1
